{
  "album_type": "album",
  "artists": [
    {
      "external_urls": {
        "spotify": "https://open.spotify.com/artist/5M52tdBnJaKSvOpJGz8mfZ"
      },
      "href": "https://api.spotify.com/v1/artists/5M52tdBnJaKSvOpJGz8mfZ",
      "id": "5M52tdBnJaKSvOpJGz8mfZ",
      "name": "Black Sabbath",
      "type": "artist",
      "uri": "spotify:artist:5M52tdBnJaKSvOpJGz8mfZ"
    }
  ],
  "available_markets": [
    "AD",
    "AE",
    "AR",
    "AT",
    "AU",
    "BE",
    "BG",
    "BH",
    "BO",
    "BR",
    "CA",
    "CH",
    "CL",
    "CO",
    "CR",
    "CY",
    "CZ",
    "DE",
    "DK",
    "DO",
    "DZ",
    "EC",
    "EE",
    "EG",
    "ES",
    "FI",
    "FR",
    "GB",
    "GR",
    "GT",
    "HK",
    "HN",
    "HU",
    "ID",
    "IE",
    "IL",
    "IN",
    "IS",
    "IT",
    "JO",
    "JP",
    "KW",
    "LB",
    "LI",
    "LT",
    "LU",
    "LV",
    "MA",
    "MC",
    "MT",
    "MX",
    "MY",
    "NI",
    "NL",
    "NO",
    "NZ",
    "OM",
    "PA",
    "PE",
    "PH",
    "PL",
    "PS",
    "PT",
    "PY",
    "QA",
    "RO",
    "SA",
    "SE",
    "SG",
    "SK",
    "SV",
    "TH",
    "TN",
    "TR",
    "TW",
    "US",
    "UY",
    "VN",
    "ZA"
  ],
  "copyrights": [
    {
      "text": "© 2013 BS Productions Limited, under exclusive license to Universal International Music BV",
      "type": "C"
    },
    {
      "text": "℗ 2013 BS Productions Limited, under exclusive license to Universal International Music BV",
      "type": "P"
    }
  ],
  "external_ids": {
    "upc": "00602537445103"
  },
  "external_urls": {
    "spotify": "https://open.spotify.com/album/5WXL9YjbNd4GIqWc9mZOOq"
  },
  "genres": [],
  "href": "https://api.spotify.com/v1/albums/5WXL9YjbNd4GIqWc9mZOOq",
  "id": "5WXL9YjbNd4GIqWc9mZOOq",
  "images": [
    {
      "height": 640,
      "url": "https://i.scdn.co/image/be49138ca73e7c92a39b22cd51a59ba17104e1eb",
      "width": 640
    },
    {
      "height": 300,
      "url": "https://i.scdn.co/image/a98e4463f108b4fe568aee7881f5496bcd1a48b5",
      "width": 300
    },
    {
      "height": 64,
      "url": "https://i.scdn.co/image/96c2c752d5a8bd83a8953374e3616f9f78454af5",
      "width": 64
    }
  ],
  "label": "Virgin EMI",
  "name": "13",
  "popularity": 54,
  "release_date": "2013-01-01",
  "release_date_precision": "day",
  "total_tracks": 12,
  "tracks": {
    "href": "https://api.spotify.com/v1/albums/5WXL9YjbNd4GIqWc9mZOOq/tracks?offset=0&limit=50",
    "items": [
      {
        "artists": [
          {
            "external_urls": {
              "spotify": "https://open.spotify.com/artist/5M52tdBnJaKSvOpJGz8mfZ"
            },
            "href": "https://api.spotify.com/v1/artists/5M52tdBnJaKSvOpJGz8mfZ",
            "id": "5M52tdBnJaKSvOpJGz8mfZ",
            "name": "Black Sabbath",
            "type": "artist",
            "uri": "spotify:artist:5M52tdBnJaKSvOpJGz8mfZ"
          }
        ],
        "available_markets": [
          "AD",
          "AE",
          "AR",
          "AT",
          "AU",
          "BE",
          "BG",
          "BH",
          "BO",
          "BR",
          "CA",
          "CH",
          "CL",
          "CO",
          "CR",
          "CY",
          "CZ",
          "DE",
          "DK",
          "DO",
          "DZ",
          "EC",
          "EE",
          "EG",
          "ES",
          "FI",
          "FR",
          "GB",
          "GR",
          "GT",
          "HK",
          "HN",
          "HU",
          "ID",
          "IE",
          "IL",
          "IN",
          "IS",
          "IT",
          "JO",
          "JP",
          "KW",
          "LB",
          "LI",
          "LT",
          "LU",
          "LV",
          "MA",
          "MC",
          "MT",
          "MX",
          "MY",
          "NI",
          "NL",
          "NO",
          "NZ",
          "OM",
          "PA",
          "PE",
          "PH",
          "PL",
          "PS",
          "PT",
          "PY",
          "QA",
          "RO",
          "SA",
          "SE",
          "SG",
          "SK",
          "SV",
          "TH",
          "TN",
          "TR",
          "TW",
          "US",
          "UY",
          "VN",
          "ZA"
        ],
        "disc_number": 1,
        "duration_ms": 486226,
        "explicit": false,
        "external_urls": {
          "spotify": "https://open.spotify.com/track/3QbnMRadaXqmlghaglLAit"
        },
        "href": "https://api.spotify.com/v1/tracks/3QbnMRadaXqmlghaglLAit",
        "id": "3QbnMRadaXqmlghaglLAit",
        "is_local": false,
        "name": "End Of The Beginning",
        "preview_url": null,
        "track_number": 1,
        "type": "track",
        "uri": "spotify:track:3QbnMRadaXqmlghaglLAit"
      },
      {
        "artists": [
          {
            "external_urls": {
              "spotify": "https://open.spotify.com/artist/5M52tdBnJaKSvOpJGz8mfZ"
            },
            "href": "https://api.spotify.com/v1/artists/5M52tdBnJaKSvOpJGz8mfZ",
            "id": "5M52tdBnJaKSvOpJGz8mfZ",
            "name": "Black Sabbath",
            "type": "artist",
            "uri": "spotify:artist:5M52tdBnJaKSvOpJGz8mfZ"
          }
        ],
        "available_markets": [
          "AD",
          "AE",
          "AR",
          "AT",
          "AU",
          "BE",
          "BG",
          "BH",
          "BO",
          "BR",
          "CA",
          "CH",
          "CL",
          "CO",
          "CR",
          "CY",
          "CZ",
          "DE",
          "DK",
          "DO",
          "DZ",
          "EC",
          "EE",
          "EG",
          "ES",
          "FI",
          "FR",
          "GB",
          "GR",
          "GT",
          "HK",
          "HN",
          "HU",
          "ID",
          "IE",
          "IL",
          "IN",
          "IS",
          "IT",
          "JO",
          "JP",
          "KW",
          "LB",
          "LI",
          "LT",
          "LU",
          "LV",
          "MA",
          "MC",
          "MT",
          "MX",
          "MY",
          "NI",
          "NL",
          "NO",
          "NZ",
          "OM",
          "PA",
          "PE",
          "PH",
          "PL",
          "PS",
          "PT",
          "PY",
          "QA",
          "RO",
          "SA",
          "SE",
          "SG",
          "SK",
          "SV",
          "TH",
          "TN",
          "TR",
          "TW",
          "US",
          "UY",
          "VN",
          "ZA"
        ],
        "disc_number": 1,
        "duration_ms": 532266,
        "explicit": false,
        "external_urls": {
          "spotify": "https://open.spotify.com/track/3IKJNHnVZ2bXGjAFBJiUYo"
        },
        "href": "https://api.spotify.com/v1/tracks/3IKJNHnVZ2bXGjAFBJiUYo",
        "id": "3IKJNHnVZ2bXGjAFBJiUYo",
        "is_local": false,
        "name": "God Is Dead?",
        "preview_url": null,
        "track_number": 2,
        "type": "track",
        "uri": "spotify:track:3IKJNHnVZ2bXGjAFBJiUYo"
      },
      {
        "artists": [
          {
            "external_urls": {
              "spotify": "https://open.spotify.com/artist/5M52tdBnJaKSvOpJGz8mfZ"
            },
            "href": "https://api.spotify.com/v1/artists/5M52tdBnJaKSvOpJGz8mfZ",
            "id": "5M52tdBnJaKSvOpJGz8mfZ",
            "name": "Black Sabbath",
            "type": "artist",
            "uri": "spotify:artist:5M52tdBnJaKSvOpJGz8mfZ"
          }
        ],
        "available_markets": [
          "AD",
          "AE",
          "AR",
          "AT",
          "AU",
          "BE",
          "BG",
          "BH",
          "BO",
          "BR",
          "CA",
          "CH",
          "CL",
          "CO",
          "CR",
          "CY",
          "CZ",
          "DE",
          "DK",
          "DO",
          "DZ",
          "EC",
          "EE",
          "EG",
          "ES",
          "FI",
          "FR",
          "GB",
          "GR",
          "GT",
          "HK",
          "HN",
          "HU",
          "ID",
          "IE",
          "IL",
          "IN",
          "IS",
          "IT",
          "JO",
          "JP",
          "KW",
          "LB",
          "LI",
          "LT",
          "LU",
          "LV",
          "MA",
          "MC",
          "MT",
          "MX",
          "MY",
          "NI",
          "NL",
          "NO",
          "NZ",
          "OM",
          "PA",
          "PE",
          "PH",
          "PL",
          "PS",
          "PT",
          "PY",
          "QA",
          "RO",
          "SA",
          "SE",
          "SG",
          "SK",
          "SV",
          "TH",
          "TN",
          "TR",
          "TW",
          "US",
          "UY",
          "VN",
          "ZA"
        ],
        "disc_number": 1,
        "duration_ms": 299933,
        "explicit": false,
        "external_urls": {
          "spotify": "https://open.spotify.com/track/1PZ3DwxBYzuRYXt2fpomfY"
        },
        "href": "https://api.spotify.com/v1/tracks/1PZ3DwxBYzuRYXt2fpomfY",
        "id": "1PZ3DwxBYzuRYXt2fpomfY",
        "is_local": false,
        "name": "Loner",
        "preview_url": null,
        "track_number": 3,
        "type": "track",
        "uri": "spotify:track:1PZ3DwxBYzuRYXt2fpomfY"
      },
      {
        "artists": [
          {
            "external_urls": {
              "spotify": "https://open.spotify.com/artist/5M52tdBnJaKSvOpJGz8mfZ"
            },
            "href": "https://api.spotify.com/v1/artists/5M52tdBnJaKSvOpJGz8mfZ",
            "id": "5M52tdBnJaKSvOpJGz8mfZ",
            "name": "Black Sabbath",
            "type": "artist",
            "uri": "spotify:artist:5M52tdBnJaKSvOpJGz8mfZ"
          }
        ],
        "available_markets": [
          "AD",
          "AE",
          "AR",
          "AT",
          "AU",
          "BE",
          "BG",
          "BH",
          "BO",
          "BR",
          "CA",
          "CH",
          "CL",
          "CO",
          "CR",
          "CY",
          "CZ",
          "DE",
          "DK",
          "DO",
          "DZ",
          "EC",
          "EE",
          "EG",
          "ES",
          "FI",
          "FR",
          "GB",
          "GR",
          "GT",
          "HK",
          "HN",
          "HU",
          "ID",
          "IE",
          "IL",
          "IN",
          "IS",
          "IT",
          "JO",
          "JP",
          "KW",
          "LB",
          "LI",
          "LT",
          "LU",
          "LV",
          "MA",
          "MC",
          "MT",
          "MX",
          "MY",
          "NI",
          "NL",
          "NO",
          "NZ",
          "OM",
          "PA",
          "PE",
          "PH",
          "PL",
          "PS",
          "PT",
          "PY",
          "QA",
          "RO",
          "SA",
          "SE",
          "SG",
          "SK",
          "SV",
          "TH",
          "TN",
          "TR",
          "TW",
          "US",
          "UY",
          "VN",
          "ZA"
        ],
        "disc_number": 1,
        "duration_ms": 277786,
        "explicit": false,
        "external_urls": {
          "spotify": "https://open.spotify.com/track/4HFRItYjNrcwT6Vbtbk2i4"
        },
        "href": "https://api.spotify.com/v1/tracks/4HFRItYjNrcwT6Vbtbk2i4",
        "id": "4HFRItYjNrcwT6Vbtbk2i4",
        "is_local": false,
        "name": "Zeitgeist",
        "preview_url": null,
        "track_number": 4,
        "type": "track",
        "uri": "spotify:track:4HFRItYjNrcwT6Vbtbk2i4"
      },
      {
        "artists": [
          {
            "external_urls": {
              "spotify": "https://open.spotify.com/artist/5M52tdBnJaKSvOpJGz8mfZ"
            },
            "href": "https://api.spotify.com/v1/artists/5M52tdBnJaKSvOpJGz8mfZ",
            "id": "5M52tdBnJaKSvOpJGz8mfZ",
            "name": "Black Sabbath",
            "type": "artist",
            "uri": "spotify:artist:5M52tdBnJaKSvOpJGz8mfZ"
          }
        ],
        "available_markets": [
          "AD",
          "AE",
          "AR",
          "AT",
          "AU",
          "BE",
          "BG",
          "BH",
          "BO",
          "BR",
          "CA",
          "CH",
          "CL",
          "CO",
          "CR",
          "CY",
          "CZ",
          "DE",
          "DK",
          "DO",
          "DZ",
          "EC",
          "EE",
          "EG",
          "ES",
          "FI",
          "FR",
          "GB",
          "GR",
          "GT",
          "HK",
          "HN",
          "HU",
          "ID",
          "IE",
          "IL",
          "IN",
          "IS",
          "IT",
          "JO",
          "JP",
          "KW",
          "LB",
          "LI",
          "LT",
          "LU",
          "LV",
          "MA",
          "MC",
          "MT",
          "MX",
          "MY",
          "NI",
          "NL",
          "NO",
          "NZ",
          "OM",
          "PA",
          "PE",
          "PH",
          "PL",
          "PS",
          "PT",
          "PY",
          "QA",
          "RO",
          "SA",
          "SE",
          "SG",
          "SK",
          "SV",
          "TH",
          "TN",
          "TR",
          "TW",
          "US",
          "UY",
          "VN",
          "ZA"
        ],
        "disc_number": 1,
        "duration_ms": 421066,
        "explicit": false,
        "external_urls": {
          "spotify": "https://open.spotify.com/track/0BfFxZfRGcf6FOCpZ75tr0"
        },
        "href": "https://api.spotify.com/v1/tracks/0BfFxZfRGcf6FOCpZ75tr0",
        "id": "0BfFxZfRGcf6FOCpZ75tr0",
        "is_local": false,
        "name": "Age Of Reason",
        "preview_url": null,
        "track_number": 5,
        "type": "track",
        "uri": "spotify:track:0BfFxZfRGcf6FOCpZ75tr0"
      },
      {
        "artists": [
          {
            "external_urls": {
              "spotify": "https://open.spotify.com/artist/5M52tdBnJaKSvOpJGz8mfZ"
            },
            "href": "https://api.spotify.com/v1/artists/5M52tdBnJaKSvOpJGz8mfZ",
            "id": "5M52tdBnJaKSvOpJGz8mfZ",
            "name": "Black Sabbath",
            "type": "artist",
            "uri": "spotify:artist:5M52tdBnJaKSvOpJGz8mfZ"
          }
        ],
        "available_markets": [
          "AD",
          "AE",
          "AR",
          "AT",
          "AU",
          "BE",
          "BG",
          "BH",
          "BO",
          "BR",
          "CA",
          "CH",
          "CL",
          "CO",
          "CR",
          "CY",
          "CZ",
          "DE",
          "DK",
          "DO",
          "DZ",
          "EC",
          "EE",
          "EG",
          "ES",
          "FI",
          "FR",
          "GB",
          "GR",
          "GT",
          "HK",
          "HN",
          "HU",
          "ID",
          "IE",
          "IL",
          "IN",
          "IS",
          "IT",
          "JO",
          "JP",
          "KW",
          "LB",
          "LI",
          "LT",
          "LU",
          "LV",
          "MA",
          "MC",
          "MT",
          "MX",
          "MY",
          "NI",
          "NL",
          "NO",
          "NZ",
          "OM",
          "PA",
          "PE",
          "PH",
          "PL",
          "PS",
          "PT",
          "PY",
          "QA",
          "RO",
          "SA",
          "SE",
          "SG",
          "SK",
          "SV",
          "TH",
          "TN",
          "TR",
          "TW",
          "US",
          "UY",
          "VN",
          "ZA"
        ],
        "disc_number": 1,
        "duration_ms": 286506,
        "explicit": false,
        "external_urls": {
          "spotify": "https://open.spotify.com/track/21t1bdwV3pEawdK9OhsauX"
        },
        "href": "https://api.spotify.com/v1/tracks/21t1bdwV3pEawdK9OhsauX",
        "id": "21t1bdwV3pEawdK9OhsauX",
        "is_local": false,
        "name": "Live Forever",
        "preview_url": null,
        "track_number": 6,
        "type": "track",
        "uri": "spotify:track:21t1bdwV3pEawdK9OhsauX"
      },
      {
        "artists": [
          {
            "external_urls": {
              "spotify": "https://open.spotify.com/artist/5M52tdBnJaKSvOpJGz8mfZ"
            },
            "href": "https://api.spotify.com/v1/artists/5M52tdBnJaKSvOpJGz8mfZ",
            "id": "5M52tdBnJaKSvOpJGz8mfZ",
            "name": "Black Sabbath",
            "type": "artist",
            "uri": "spotify:artist:5M52tdBnJaKSvOpJGz8mfZ"
          }
        ],
        "available_markets": [
          "AD",
          "AE",
          "AR",
          "AT",
          "AU",
          "BE",
          "BG",
          "BH",
          "BO",
          "BR",
          "CA",
          "CH",
          "CL",
          "CO",
          "CR",
          "CY",
          "CZ",
          "DE",
          "DK",
          "DO",
          "DZ",
          "EC",
          "EE",
          "EG",
          "ES",
          "FI",
          "FR",
          "GB",
          "GR",
          "GT",
          "HK",
          "HN",
          "HU",
          "ID",
          "IE",
          "IL",
          "IN",
          "IS",
          "IT",
          "JO",
          "JP",
          "KW",
          "LB",
          "LI",
          "LT",
          "LU",
          "LV",
          "MA",
          "MC",
          "MT",
          "MX",
          "MY",
          "NI",
          "NL",
          "NO",
          "NZ",
          "OM",
          "PA",
          "PE",
          "PH",
          "PL",
          "PS",
          "PT",
          "PY",
          "QA",
          "RO",
          "SA",
          "SE",
          "SG",
          "SK",
          "SV",
          "TH",
          "TN",
          "TR",
          "TW",
          "US",
          "UY",
          "VN",
          "ZA"
        ],
        "disc_number": 1,
        "duration_ms": 471666,
        "explicit": false,
        "external_urls": {
          "spotify": "https://open.spotify.com/track/3gY381aWseWtDcnanY9n6u"
        },
        "href": "https://api.spotify.com/v1/tracks/3gY381aWseWtDcnanY9n6u",
        "id": "3gY381aWseWtDcnanY9n6u",
        "is_local": false,
        "name": "Damaged Soul",
        "preview_url": null,
        "track_number": 7,
        "type": "track",
        "uri": "spotify:track:3gY381aWseWtDcnanY9n6u"
      },
      {
        "artists": [
          {
            "external_urls": {
              "spotify": "https://open.spotify.com/artist/5M52tdBnJaKSvOpJGz8mfZ"
            },
            "href": "https://api.spotify.com/v1/artists/5M52tdBnJaKSvOpJGz8mfZ",
            "id": "5M52tdBnJaKSvOpJGz8mfZ",
            "name": "Black Sabbath",
            "type": "artist",
            "uri": "spotify:artist:5M52tdBnJaKSvOpJGz8mfZ"
          }
        ],
        "available_markets": [
          "AD",
          "AE",
          "AR",
          "AT",
          "AU",
          "BE",
          "BG",
          "BH",
          "BO",
          "BR",
          "CA",
          "CH",
          "CL",
          "CO",
          "CR",
          "CY",
          "CZ",
          "DE",
          "DK",
          "DO",
          "DZ",
          "EC",
          "EE",
          "EG",
          "ES",
          "FI",
          "FR",
          "GB",
          "GR",
          "GT",
          "HK",
          "HN",
          "HU",
          "ID",
          "IE",
          "IL",
          "IN",
          "IS",
          "IT",
          "JO",
          "JP",
          "KW",
          "LB",
          "LI",
          "LT",
          "LU",
          "LV",
          "MA",
          "MC",
          "MT",
          "MX",
          "MY",
          "NI",
          "NL",
          "NO",
          "NZ",
          "OM",
          "PA",
          "PE",
          "PH",
          "PL",
          "PS",
          "PT",
          "PY",
          "QA",
          "RO",
          "SA",
          "SE",
          "SG",
          "SK",
          "SV",
          "TH",
          "TN",
          "TR",
          "TW",
          "US",
          "UY",
          "VN",
          "ZA"
        ],
        "disc_number": 1,
        "duration_ms": 440173,
        "explicit": false,
        "external_urls": {
          "spotify": "https://open.spotify.com/track/3zjDIbQ3lLWXekq1PBVYM9"
        },
        "href": "https://api.spotify.com/v1/tracks/3zjDIbQ3lLWXekq1PBVYM9",
        "id": "3zjDIbQ3lLWXekq1PBVYM9",
        "is_local": false,
        "name": "Dear Father",
        "preview_url": null,
        "track_number": 8,
        "type": "track",
        "uri": "spotify:track:3zjDIbQ3lLWXekq1PBVYM9"
      },
      {
        "artists": [
          {
            "external_urls": {
              "spotify": "https://open.spotify.com/artist/5M52tdBnJaKSvOpJGz8mfZ"
            },
            "href": "https://api.spotify.com/v1/artists/5M52tdBnJaKSvOpJGz8mfZ",
            "id": "5M52tdBnJaKSvOpJGz8mfZ",
            "name": "Black Sabbath",
            "type": "artist",
            "uri": "spotify:artist:5M52tdBnJaKSvOpJGz8mfZ"
          }
        ],
        "available_markets": [
          "AD",
          "AE",
          "AR",
          "AT",
          "AU",
          "BE",
          "BG",
          "BH",
          "BO",
          "BR",
          "CA",
          "CH",
          "CL",
          "CO",
          "CR",
          "CY",
          "CZ",
          "DE",
          "DK",
          "DO",
          "DZ",
          "EC",
          "EE",
          "EG",
          "ES",
          "FI",
          "FR",
          "GB",
          "GR",
          "GT",
          "HK",
          "HN",
          "HU",
          "ID",
          "IE",
          "IL",
          "IN",
          "IS",
          "IT",
          "JO",
          "JP",
          "KW",
          "LB",
          "LI",
          "LT",
          "LU",
          "LV",
          "MA",
          "MC",
          "MT",
          "MX",
          "MY",
          "NI",
          "NL",
          "NO",
          "NZ",
          "OM",
          "PA",
          "PE",
          "PH",
          "PL",
          "PS",
          "PT",
          "PY",
          "QA",
          "RO",
          "SA",
          "SE",
          "SG",
          "SK",
          "SV",
          "TH",
          "TN",
          "TR",
          "TW",
          "US",
          "UY",
          "VN",
          "ZA"
        ],
        "disc_number": 1,
        "duration_ms": 358213,
        "explicit": false,
        "external_urls": {
          "spotify": "https://open.spotify.com/track/0Gnx4WTUEUxA6WBETrp3yJ"
        },
        "href": "https://api.spotify.com/v1/tracks/0Gnx4WTUEUxA6WBETrp3yJ",
        "id": "0Gnx4WTUEUxA6WBETrp3yJ",
        "is_local": false,
        "name": "Methademic",
        "preview_url": null,
        "track_number": 9,
        "type": "track",
        "uri": "spotify:track:0Gnx4WTUEUxA6WBETrp3yJ"
      },
      {
        "artists": [
          {
            "external_urls": {
              "spotify": "https://open.spotify.com/artist/5M52tdBnJaKSvOpJGz8mfZ"
            },
            "href": "https://api.spotify.com/v1/artists/5M52tdBnJaKSvOpJGz8mfZ",
            "id": "5M52tdBnJaKSvOpJGz8mfZ",
            "name": "Black Sabbath",
            "type": "artist",
            "uri": "spotify:artist:5M52tdBnJaKSvOpJGz8mfZ"
          }
        ],
        "available_markets": [
          "AD",
          "AE",
          "AR",
          "AT",
          "AU",
          "BE",
          "BG",
          "BH",
          "BO",
          "BR",
          "CA",
          "CH",
          "CL",
          "CO",
          "CR",
          "CY",
          "CZ",
          "DE",
          "DK",
          "DO",
          "DZ",
          "EC",
          "EE",
          "EG",
          "ES",
          "FI",
          "FR",
          "GB",
          "GR",
          "GT",
          "HK",
          "HN",
          "HU",
          "ID",
          "IE",
          "IL",
          "IN",
          "IS",
          "IT",
          "JO",
          "JP",
          "KW",
          "LB",
          "LI",
          "LT",
          "LU",
          "LV",
          "MA",
          "MC",
          "MT",
          "MX",
          "MY",
          "NI",
          "NL",
          "NO",
          "NZ",
          "OM",
          "PA",
          "PE",
          "PH",
          "PL",
          "PS",
          "PT",
          "PY",
          "QA",
          "RO",
          "SA",
          "SE",
          "SG",
          "SK",
          "SV",
          "TH",
          "TN",
          "TR",
          "TW",
          "US",
          "UY",
          "VN",
          "ZA"
        ],
        "disc_number": 1,
        "duration_ms": 220760,
        "explicit": false,
        "external_urls": {
          "spotify": "https://open.spotify.com/track/3I28TfbHcWVhCKxmCIhs9F"
        },
        "href": "https://api.spotify.com/v1/tracks/3I28TfbHcWVhCKxmCIhs9F",
        "id": "3I28TfbHcWVhCKxmCIhs9F",
        "is_local": false,
        "name": "Peace Of Mind",
        "preview_url": null,
        "track_number": 10,
        "type": "track",
        "uri": "spotify:track:3I28TfbHcWVhCKxmCIhs9F"
      },
      {
        "artists": [
          {
            "external_urls": {
              "spotify": "https://open.spotify.com/artist/5M52tdBnJaKSvOpJGz8mfZ"
            },
            "href": "https://api.spotify.com/v1/artists/5M52tdBnJaKSvOpJGz8mfZ",
            "id": "5M52tdBnJaKSvOpJGz8mfZ",
            "name": "Black Sabbath",
            "type": "artist",
            "uri": "spotify:artist:5M52tdBnJaKSvOpJGz8mfZ"
          }
        ],
        "available_markets": [
          "AD",
          "AE",
          "AR",
          "AT",
          "AU",
          "BE",
          "BG",
          "BH",
          "BO",
          "BR",
          "CA",
          "CH",
          "CL",
          "CO",
          "CR",
          "CY",
          "CZ",
          "DE",
          "DK",
          "DO",
          "DZ",
          "EC",
          "EE",
          "EG",
          "ES",
          "FI",
          "FR",
          "GB",
          "GR",
          "GT",
          "HK",
          "HN",
          "HU",
          "ID",
          "IE",
          "IL",
          "IN",
          "IS",
          "IT",
          "JO",
          "JP",
          "KW",
          "LB",
          "LI",
          "LT",
          "LU",
          "LV",
          "MA",
          "MC",
          "MT",
          "MX",
          "MY",
          "NI",
          "NL",
          "NO",
          "NZ",
          "OM",
          "PA",
          "PE",
          "PH",
          "PL",
          "PS",
          "PT",
          "PY",
          "QA",
          "RO",
          "SA",
          "SE",
          "SG",
          "SK",
          "SV",
          "TH",
          "TN",
          "TR",
          "TW",
          "US",
          "UY",
          "VN",
          "ZA"
        ],
        "disc_number": 1,
        "duration_ms": 334613,
        "explicit": false,
        "external_urls": {
          "spotify": "https://open.spotify.com/track/79muBjOf7N6akgrEJuik6R"
        },
        "href": "https://api.spotify.com/v1/tracks/79muBjOf7N6akgrEJuik6R",
        "id": "79muBjOf7N6akgrEJuik6R",
        "is_local": false,
        "name": "Pariah",
        "preview_url": null,
        "track_number": 11,
        "type": "track",
        "uri": "spotify:track:79muBjOf7N6akgrEJuik6R"
      },
      {
        "artists": [
          {
            "external_urls": {
              "spotify": "https://open.spotify.com/artist/5M52tdBnJaKSvOpJGz8mfZ"
            },
            "href": "https://api.spotify.com/v1/artists/5M52tdBnJaKSvOpJGz8mfZ",
            "id": "5M52tdBnJaKSvOpJGz8mfZ",
            "name": "Black Sabbath",
            "type": "artist",
            "uri": "spotify:artist:5M52tdBnJaKSvOpJGz8mfZ"
          }
        ],
        "available_markets": [
          "AD",
          "AE",
          "AR",
          "AT",
          "AU",
          "BE",
          "BG",
          "BH",
          "BO",
          "BR",
          "CA",
          "CH",
          "CL",
          "CO",
          "CR",
          "CY",
          "CZ",
          "DE",
          "DK",
          "DO",
          "DZ",
          "EC",
          "EE",
          "EG",
          "ES",
          "FI",
          "FR",
          "GB",
          "GR",
          "GT",
          "HK",
          "HN",
          "HU",
          "ID",
          "IE",
          "IL",
          "IN",
          "IS",
          "IT",
          "JO",
          "JP",
          "KW",
          "LB",
          "LI",
          "LT",
          "LU",
          "LV",
          "MA",
          "MC",
          "MT",
          "MX",
          "MY",
          "NI",
          "NL",
          "NO",
          "NZ",
          "OM",
          "PA",
          "PE",
          "PH",
          "PL",
          "PS",
          "PT",
          "PY",
          "QA",
          "RO",
          "SA",
          "SE",
          "SG",
          "SK",
          "SV",
          "TH",
          "TN",
          "TR",
          "TW",
          "US",
          "UY",
          "VN",
          "ZA"
        ],
        "disc_number": 1,
        "duration_ms": 440556,
        "explicit": false,
        "external_urls": {
          "spotify": "https://open.spotify.com/track/0ssM0AZdWKEEaqPTHzwYWl"
        },
        "href": "https://api.spotify.com/v1/tracks/0ssM0AZdWKEEaqPTHzwYWl",
        "id": "0ssM0AZdWKEEaqPTHzwYWl",
        "is_local": false,
        "name": "Dirty Women - Live in Australia / 2013",
        "preview_url": null,
        "track_number": 12,
        "type": "track",
        "uri": "spotify:track:0ssM0AZdWKEEaqPTHzwYWl"
      }
    ],
    "limit": 50,
    "next": null,
    "offset": 0,
    "previous": null,
    "total": 12
  },
  "type": "album",
  "uri": "spotify:album:5WXL9YjbNd4GIqWc9mZOOq"
}