{"release-group-count":118,"release-group-offset":0,"release-groups":[{"secondary-type-ids":["dd2a21e1-0c00-3729-a7a0-de60b84eb5d1"],"title":"The Original","primary-type":"Album","first-release-date":"1976","secondary-types":["Compilation"],"primary-type-id":"f529b476-6e62-324f-b0aa-1f3e33d313fc","disambiguation":"","id":"2387c0f2-4c49-47c3-9aa1-f37c299e0138"},{"disambiguation":"","id":"26c4c65c-c131-3be8-92ca-7a3b2549d37d","first-release-date":"1994","primary-type-id":"f529b476-6e62-324f-b0aa-1f3e33d313fc","secondary-types":["Compilation"],"primary-type":"Album","title":"The Bible According to Black Sabbath","secondary-type-ids":["dd2a21e1-0c00-3729-a7a0-de60b84eb5d1"]},{"disambiguation":"","id":"271283a0-a9a6-4647-88fe-bd098e220ba6","primary-type":"Album","title":"Forever","secondary-type-ids":["dd2a21e1-0c00-3729-a7a0-de60b84eb5d1"],"first-release-date":"1992","primary-type-id":"f529b476-6e62-324f-b0aa-1f3e33d313fc","secondary-types":["Compilation"]},{"primary-type":"Album","title":"The Best of Black Sabbath","secondary-type-ids":["dd2a21e1-0c00-3729-a7a0-de60b84eb5d1"],"first-release-date":"1996-11-21","primary-type-id":"f529b476-6e62-324f-b0aa-1f3e33d313fc","secondary-types":["Compilation"],"disambiguation":"","id":"32e5387e-e2f2-335f-a5b8-5ae22a689943"},{"disambiguation":"","id":"37d6c36a-8469-3304-a2ec-a124021289df","primary-type":"Album","secondary-type-ids":["dd2a21e1-0c00-3729-a7a0-de60b84eb5d1"],"title":"Under Wheels of Confusion: 1970–87","first-release-date":"1996-11-06","primary-type-id":"f529b476-6e62-324f-b0aa-1f3e33d313fc","secondary-types":["Compilation"]},{"secondary-type-ids":["dd2a21e1-0c00-3729-a7a0-de60b84eb5d1"],"title":"Between Heaven & Hell: The Best of Black Sabbath","primary-type":"Album","secondary-types":["Compilation"],"primary-type-id":"f529b476-6e62-324f-b0aa-1f3e33d313fc","first-release-date":"1993","id":"393bf9b5-94a8-3990-8e8b-ad5df2a191a9","disambiguation":""},{"title":"The Ozzy Osbourne Years","secondary-type-ids":["dd2a21e1-0c00-3729-a7a0-de60b84eb5d1"],"primary-type":"Album","secondary-types":["Compilation"],"primary-type-id":"f529b476-6e62-324f-b0aa-1f3e33d313fc","first-release-date":"1991-10-23","id":"4097007c-2f17-3763-830c-91c199a06c63","disambiguation":""},{"id":"40a39272-ffdc-35ab-ac7c-3c89d88eda28","disambiguation":"","title":"The Sabbath Collection","secondary-type-ids":["dd2a21e1-0c00-3729-a7a0-de60b84eb5d1"],"primary-type":"Album","secondary-types":["Compilation"],"primary-type-id":"f529b476-6e62-324f-b0aa-1f3e33d313fc","first-release-date":"1985"},{"primary-type-id":"f529b476-6e62-324f-b0aa-1f3e33d313fc","secondary-types":["Compilation"],"first-release-date":"1992","primary-type":"Album","secondary-type-ids":["dd2a21e1-0c00-3729-a7a0-de60b84eb5d1"],"title":"Iron Man","id":"40a4d833-83db-388b-9064-1bca7bf4bb88","disambiguation":""},{"disambiguation":"","id":"45625871-3888-367a-a35e-75cca63512e8","secondary-type-ids":["dd2a21e1-0c00-3729-a7a0-de60b84eb5d1"],"title":"The Black Sabbath Story","primary-type":"Album","first-release-date":"1991","secondary-types":["Compilation"],"primary-type-id":"f529b476-6e62-324f-b0aa-1f3e33d313fc"},{"id":"5597aa22-9cf0-4508-929b-f0bf53c71748","disambiguation":"","primary-type":"Album","title":"Hand of Doom","secondary-type-ids":["dd2a21e1-0c00-3729-a7a0-de60b84eb5d1"],"primary-type-id":"f529b476-6e62-324f-b0aa-1f3e33d313fc","secondary-types":["Compilation"],"first-release-date":"1984"},{"disambiguation":"","id":"5a03c31b-be1b-43f2-bd34-68c2eb4e39ae","secondary-type-ids":["dd2a21e1-0c00-3729-a7a0-de60b84eb5d1"],"title":"The Ray Gillen Years","primary-type":"Album","first-release-date":"1995","secondary-types":["Compilation"],"primary-type-id":"f529b476-6e62-324f-b0aa-1f3e33d313fc"},{"disambiguation":"","id":"5e51e782-dcb8-40fd-be02-d1be76318ae7","first-release-date":"1996-02-21","primary-type-id":"f529b476-6e62-324f-b0aa-1f3e33d313fc","secondary-types":["Compilation"],"primary-type":"Album","secondary-type-ids":["dd2a21e1-0c00-3729-a7a0-de60b84eb5d1"],"title":"Ozzy Osbourne: Best Tracks"},{"primary-type":"Album","secondary-type-ids":["dd2a21e1-0c00-3729-a7a0-de60b84eb5d1"],"title":"Between Heaven and Hell","first-release-date":"1995","primary-type-id":"f529b476-6e62-324f-b0aa-1f3e33d313fc","secondary-types":["Compilation"],"disambiguation":"","id":"751a95be-f17d-312f-b229-8145ebc531cf"},{"primary-type-id":"f529b476-6e62-324f-b0aa-1f3e33d313fc","secondary-types":["Compilation"],"first-release-date":"1987-12-05","primary-type":"Album","title":"Paranoid / Black Sabbath","secondary-type-ids":["dd2a21e1-0c00-3729-a7a0-de60b84eb5d1"],"id":"92c80d1e-4ed5-427c-b3ec-ab215b63504b","disambiguation":""},{"id":"9349ccb7-9cff-3946-8a8f-8e7f5884950b","disambiguation":"","primary-type-id":"f529b476-6e62-324f-b0aa-1f3e33d313fc","secondary-types":["Compilation"],"first-release-date":"1989","primary-type":"Album","title":"Backtrackin’","secondary-type-ids":["dd2a21e1-0c00-3729-a7a0-de60b84eb5d1"]},{"title":"Iron Man","secondary-type-ids":["dd2a21e1-0c00-3729-a7a0-de60b84eb5d1"],"primary-type":"Album","first-release-date":"1994","secondary-types":["Compilation"],"primary-type-id":"f529b476-6e62-324f-b0aa-1f3e33d313fc","disambiguation":"","id":"9f6da4f0-484c-3315-bb78-a11512a4df51"},{"secondary-types":["Compilation"],"primary-type-id":"f529b476-6e62-324f-b0aa-1f3e33d313fc","first-release-date":"1977","secondary-type-ids":["dd2a21e1-0c00-3729-a7a0-de60b84eb5d1"],"title":"Greatest Hits","primary-type":"Album","id":"a0a6e8e0-71dc-39d3-9f1f-066ae17e869b","disambiguation":""},{"id":"a2b9216c-aa72-41cc-ab5e-6279899a90e5","disambiguation":"","primary-type-id":"f529b476-6e62-324f-b0aa-1f3e33d313fc","secondary-types":["Compilation"],"first-release-date":"1995-02-22","primary-type":"Album","title":"The Best of Ozzy Osbourne Years","secondary-type-ids":["dd2a21e1-0c00-3729-a7a0-de60b84eb5d1"]},{"primary-type":"Album","title":"The Sabbath Stones","secondary-type-ids":["dd2a21e1-0c00-3729-a7a0-de60b84eb5d1"],"primary-type-id":"f529b476-6e62-324f-b0aa-1f3e33d313fc","secondary-types":["Compilation"],"first-release-date":"1996-04-29","id":"a95c06e4-472a-31b2-97c3-608eeb9c0883","disambiguation":""},{"first-release-date":"1990-10-04","secondary-types":["Compilation"],"primary-type-id":"f529b476-6e62-324f-b0aa-1f3e33d313fc","secondary-type-ids":["dd2a21e1-0c00-3729-a7a0-de60b84eb5d1"],"title":"Black Sabbath","primary-type":"Album","disambiguation":"Unofficial (maybe illegal) compilation of \"Paranoid\" and \"Black Sabbath\" albums, made in USSR by Мелодия","id":"b3d0a501-7fe6-4428-9d1e-eb6699f0d863"},{"disambiguation":"","id":"c9617eb6-abd0-3e3b-b337-45303f4ead40","first-release-date":"1989-11","secondary-types":["Compilation"],"primary-type-id":"f529b476-6e62-324f-b0aa-1f3e33d313fc","title":"Blackest Sabbath","secondary-type-ids":["dd2a21e1-0c00-3729-a7a0-de60b84eb5d1"],"primary-type":"Album"},{"disambiguation":"","id":"d319e2f1-3066-4f16-bd8e-4c4365bc692d","secondary-type-ids":["dd2a21e1-0c00-3729-a7a0-de60b84eb5d1"],"title":"Master Of Reality / Black Sabbath Vol.4","primary-type":"Album","first-release-date":"1987-11-15","secondary-types":["Compilation"],"primary-type-id":"f529b476-6e62-324f-b0aa-1f3e33d313fc"},{"id":"d4c34b6a-ce19-41f8-953d-11648c0194ef","disambiguation":"","title":"Heavy Metal Vol. 1","secondary-type-ids":["dd2a21e1-0c00-3729-a7a0-de60b84eb5d1"],"primary-type":"Album","secondary-types":["Compilation"],"primary-type-id":"f529b476-6e62-324f-b0aa-1f3e33d313fc","first-release-date":"1984"},{"id":"fc3ddbd9-6e1b-3777-99f2-6ef324f2ad23","disambiguation":"","secondary-types":["Compilation"],"primary-type-id":"f529b476-6e62-324f-b0aa-1f3e33d313fc","first-release-date":"1975-12-01","secondary-type-ids":["dd2a21e1-0c00-3729-a7a0-de60b84eb5d1"],"title":"We Sold Our Soul for Rock ’n’ Roll","primary-type":"Album"}]}