"id";"trackID";"date";"pop"
"418";"4JOiqlVMI7KWybSgsdAnEN";"0000-00-00 00:00:00";"13"
"976";"4JOiqlVMI7KWybSgsdAnEN";"0000-00-00 00:00:00";"13"
"8938";"4JOiqlVMI7KWybSgsdAnEN";"2018-02-26 18:09:57";"14"
"16960";"4JOiqlVMI7KWybSgsdAnEN";"2018-03-01 18:02:07";"14"
"18225";"4JOiqlVMI7KWybSgsdAnEN";"2018-03-05 15:59:48";"14"
"18633";"4JOiqlVMI7KWybSgsdAnEN";"2018-03-05 16:00:14";"14"
"19041";"4JOiqlVMI7KWybSgsdAnEN";"2018-03-05 16:20:08";"14"
"21247";"4JOiqlVMI7KWybSgsdAnEN";"2018-03-11 11:37:30";"14"
"71546";"4JOiqlVMI7KWybSgsdAnEN";"2018-03-26 17:35:58";"14"
"126155";"4JOiqlVMI7KWybSgsdAnEN";"2018-04-04 11:49:37";"14"
"134548";"4JOiqlVMI7KWybSgsdAnEN";"2018-04-08 00:17:10";"14"
"166034";"4JOiqlVMI7KWybSgsdAnEN";"2018-04-15 00:17:09";"14"
"197569";"4JOiqlVMI7KWybSgsdAnEN";"2018-04-22 00:17:10";"14"
"233920";"4JOiqlVMI7KWybSgsdAnEN";"2018-04-29 00:17:09";"13"
"268643";"4JOiqlVMI7KWybSgsdAnEN";"2018-05-06 00:17:07";"13"
"271572";"4JOiqlVMI7KWybSgsdAnEN";"2018-05-13 00:17:07";"13"
"274483";"4JOiqlVMI7KWybSgsdAnEN";"2018-05-20 00:17:07";"13"
"277409";"4JOiqlVMI7KWybSgsdAnEN";"2018-05-27 00:17:08";"13"
"280306";"4JOiqlVMI7KWybSgsdAnEN";"2018-06-03 00:17:07";"13"
"283217";"4JOiqlVMI7KWybSgsdAnEN";"2018-06-10 00:17:07";"13"
"286365";"4JOiqlVMI7KWybSgsdAnEN";"2018-06-17 00:17:08";"12"
"289276";"4JOiqlVMI7KWybSgsdAnEN";"2018-06-24 00:17:07";"12"
"292187";"4JOiqlVMI7KWybSgsdAnEN";"2018-07-01 00:17:07";"13"
"295780";"4JOiqlVMI7KWybSgsdAnEN";"2018-07-08 00:17:07";"13"
"298715";"4JOiqlVMI7KWybSgsdAnEN";"2018-07-15 00:17:08";"13"
"305909";"4JOiqlVMI7KWybSgsdAnEN";"2018-07-22 00:17:07";"12"
"308874";"4JOiqlVMI7KWybSgsdAnEN";"2018-07-29 00:17:07";"13"
"315196";"4JOiqlVMI7KWybSgsdAnEN";"2018-08-05 00:30:11";"13"
"330466";"4JOiqlVMI7KWybSgsdAnEN";"2018-08-12 00:30:12";"12"
"356171";"4JOiqlVMI7KWybSgsdAnEN";"2018-08-19 00:30:12";"11"
"365777";"4JOiqlVMI7KWybSgsdAnEN";"2018-08-26 00:30:15";"11"
"1455471";"4JOiqlVMI7KWybSgsdAnEN";"2019-02-17 00:44:50";"12"
"1464523";"4JOiqlVMI7KWybSgsdAnEN";"2019-02-17 00:56:12";"12"
"1505515";"4JOiqlVMI7KWybSgsdAnEN";"2019-02-24 00:43:03";"13"
"1545110";"4JOiqlVMI7KWybSgsdAnEN";"2019-03-03 00:44:24";"16"
"1554309";"4JOiqlVMI7KWybSgsdAnEN";"2019-03-03 00:53:41";"16"
