{
    "name": "Kickstarter",
    "children": [{
                "name": "Product Design",
                "children": [{
                    "name": "Pebble Time - Awesome Smartwatch, No Compromises",
                    "category": "Product Design",
                    "value": "20338986"
                }, {
                    "name": "COOLEST COOLER: 21st Century Cooler that's Actually Cooler",
                    "category": "Product Design",
                    "value": "13285226"
                }, {
                    "name": "Pebble 2, Time 2 + All-New Pebble Core",
                    "category": "Product Design",
                    "value": "12779843"
                }, {
                    "name": "Pebble: E-Paper Watch for iPhone and Android",
                    "category": "Product Design",
                    "value": "10266845"
                }, {
                    "name": "The World's Best TRAVEL JACKET with 15 Features || BAUBAX",
                    "category": "Product Design",
                    "value": "9192055"
                }, {
                    "name": "The Everyday Backpack, Tote, and Sling",
                    "category": "Product Design",
                    "value": "6565782"
                }, {
                    "name": "Fidget Cube: A Vinyl Desk Toy",
                    "category": "Product Design",
                    "value": "6465690"
                }, {
                    "name": "The Everyday Messenger: A Bag For Cameras & Essential Carry",
                    "category": "Product Design",
                    "value": "4869472"
                }, {
                    "name": "The Dash Wireless Smart In Ear Headphones",
                    "category": "Product Design",
                    "value": "3390551"
                }, {
                    "name": "G-RO: Revolutionary Carry-on Luggage",
                    "category": "Product Design",
                    "value": "3307773"
                }, {
                    "name": "Smart Parka - The World's First Complete Winter Coat",
                    "category": "Product Design",
                    "value": "3257695"
                }, {
                    "name": "Nebia Shower - Better experience, 70% less water",
                    "category": "Product Design",
                    "value": "3126114"
                }, {
                    "name": "Taga 2.0 - The Ultimate, Most Affordable Family Bike",
                    "category": "Product Design",
                    "value": "2568586"
                }, {
                    "name": "ZUNGLE : Wear the Beats",
                    "category": "Product Design",
                    "value": "1947035"
                }, {
                    "name": "The ultimate sleep sanctuary: Kokoon EEG headphones",
                    "category": "Product Design",
                    "value": "1936825"
                }, {
                    "name": "The NOMATIC Travel Bag",
                    "category": "Product Design",
                    "value": "1725336"
                }, {
                    "name": "EMOTIV INSIGHT: Optimize your brain fitness & performance",
                    "category": "Product Design",
                    "value": "1643117"
                }, {
                    "name": "Ulo",
                    "category": "Product Design",
                    "value": "1618869"
                }, {
                    "name": "Floating Vertical Turntable",
                    "category": "Product Design",
                    "value": "1575976"
                }]
            }, {
                "name": "Tabletop Games",
                "children": [{
                    "name": "Exploding Kittens",
                    "category": "Tabletop Games",
                    "value": "8782571"
                }, {
                    "name": "Zombicide: Black Plague",
                    "category": "Tabletop Games",
                    "value": "4079204"
                }, {
                    "name": "Dark Souls - The Board Game",
                    "category": "Tabletop Games",
                    "value": "3771474"
                }, {
                    "name": "Massive Darkness",
                    "category": "Tabletop Games",
                    "value": "3560642"
                }, {
                    "name": "Conan",
                    "category": "Tabletop Games",
                    "value": "3327757"
                }, {
                    "name": "Joking Hazard",
                    "category": "Tabletop Games",
                    "value": "3246588"
                }, {
                    "name": "Reaper Miniatures Bones II: The Return Of Mr Bones!",
                    "category": "Tabletop Games",
                    "value": "3169610"
                }, {
                    "name": "Zombicide: Season 3",
                    "category": "Tabletop Games",
                    "value": "2849064"
                }, {
                    "name": "KULT: Divinity Lost - Horror Roleplaying Game (RPG)",
                    "category": "Tabletop Games",
                    "value": "2746655"
                }, {
                    "name": "Reaper Miniatures Bones 3: The Search for Mr. Bones!",
                    "category": "Tabletop Games",
                    "value": "2730365"
                }, {
                    "name": "TRUDVANG CHRONICLES",
                    "category": "Tabletop Games",
                    "value": "2709837"
                }, {
                    "name": "The Duchess - A Gaming Table from BoardGameTables.com",
                    "category": "Tabletop Games",
                    "value": "2592231"
                }, {
                    "name": "Dwarven Forge's Modular City Builder Terrain System",
                    "category": "Tabletop Games",
                    "value": "2359260"
                }, {
                    "name": "Zombicide: Season 2",
                    "category": "Tabletop Games",
                    "value": "2255018"
                }, {
                    "name": "Dwarven Forge's Caverns-Dwarvenite Game Tiles Terrain",
                    "category": "Tabletop Games",
                    "value": "2140851"
                }, {
                    "name": "Kingdom Death : Monster",
                    "category": "Tabletop Games",
                    "value": "2049721"
                }, {
                    "name": "Dwarven Forge's Game Tiles: Revolutionary Miniature Terrain",
                    "category": "Tabletop Games",
                    "value": "1908155"
                }, {
                    "name": "Scythe",
                    "category": "Tabletop Games",
                    "value": "1810294"
                }, {
                    "name": "Dwarven Forge's Castles: 3-D Modular Terrain for Gamers",
                    "category": "Tabletop Games",
                    "value": "1781736"
                }, {
                    "name": "Arcadia Quest: Inferno",
                    "category": "Tabletop Games",
                    "value": "1710713"
                }]
            }, {
                "name": "Gaming Hardware",
                "children": [{
                    "name": "OUYA: A New Kind of Video Game Console",
                    "category": "Gaming Hardware",
                    "value": "8596474"
                }, {
                    "name": "Oculus Rift: Step Into the Game",
                    "category": "Gaming Hardware",
                    "value": "2437429"
                }]
            }, {
                "name": "Video Games",
                "children": [{
                    "name": "Shenmue 3",
                    "category": "Video Games",
                    "value": "6333295"
                }, {
                    "name": "Bloodstained: Ritual of the Night",
                    "category": "Video Games",
                    "value": "5545991"
                }, {
                    "name": "Torment: Tides of Numenera",
                    "category": "Video Games",
                    "value": "4188927"
                }, {
                    "name": "Pillars of Eternity (formerly Project Eternity)",
                    "category": "Video Games",
                    "value": "3986929"
                }, {
                    "name": "Mighty No. 9",
                    "category": "Video Games",
                    "value": "3845170"
                }, {
                    "name": "Double Fine Adventure",
                    "category": "Video Games",
                    "value": "3336371"
                }, {
                    "name": "Wasteland 2",
                    "category": "Video Games",
                    "value": "2933252"
                }, {
                    "name": "BATTLETECH - Tactical 'Mech Combat Returns to the PC.",
                    "category": "Video Games",
                    "value": "2785537"
                }, {
                    "name": "Homestuck Adventure Game",
                    "category": "Video Games",
                    "value": "2485506"
                }, {
                    "name": "HEX MMO Trading Card Game",
                    "category": "Video Games",
                    "value": "2278255"
                }, {
                    "name": "Camelot Unchained",
                    "category": "Video Games",
                    "value": "2232933"
                }, {
                    "name": "Planetary Annihilation - A Next Generation RTS",
                    "category": "Video Games",
                    "value": "2229344"
                }, {
                    "name": "Star Citizen",
                    "category": "Video Games",
                    "value": "2134374"
                }, {
                    "name": "Yooka-Laylee - A 3D Platformer Rare-vival!",
                    "category": "Video Games",
                    "value": "2090104"
                }, {
                    "name": "Divinity: Original Sin 2",
                    "category": "Video Games",
                    "value": "2032434"
                }, {
                    "name": "Shroud of the Avatar: Forsaken Virtues",
                    "category": "Video Games",
                    "value": "1919275"
                }, {
                    "name": "Shadowrun Returns",
                    "category": "Video Games",
                    "value": "1836447"
                }, {
                    "name": "Crowfall - Throne War PC MMO",
                    "category": "Video Games",
                    "value": "1766204"
                }, {
                    "name": "WARMACHINE: TACTICS",
                    "category": "Video Games",
                    "value": "1578950"
                }, {
                    "name": "Elite: Dangerous",
                    "category": "Video Games",
                    "value": "1578316"
                }]
            }, {
                "name": "Sound",
                "children": [{
                    "name": "Pono Music - Where Your Soul Rediscovers Music",
                    "category": "Sound",
                    "value": "6225354"
                }, {
                    "name": "OSSIC X: The first 3D audio headphones calibrated to you",
                    "category": "Sound",
                    "value": "2708472"
                }, {
                    "name": "Revols - Premium Quick Custom-Fit Wireless Earphones",
                    "category": "Sound",
                    "value": "2530756"
                }, {
                    "name": "Nura: Headphones that learn and adapt to your unique hearing",
                    "category": "Sound",
                    "value": "1803988"
                }]
            }, {
                "name": "Television",
                "children": [{
                    "name": "Bring Back MYSTERY SCIENCE THEATER 3000",
                    "category": "Television",
                    "value": "5764229"
                }]
            }, {
                "name": "Narrative Film",
                "children": [{
                    "name": "The Veronica Mars Movie Project",
                    "category": "Narrative Film",
                    "value": "5702153"
                }, {
                    "name": "WISH I WAS HERE",
                    "category": "Narrative Film",
                    "value": "3105473"
                }, {
                    "name": "Blue Mountain State: The Movie",
                    "category": "Narrative Film",
                    "value": "1911827"
                }]
            }, {
                "name": "Web",
                "children": [{
                    "name": "Bring Reading Rainbow Back for Every Child, Everywhere!",
                    "category": "Web",
                    "value": "5408916"
                }]
            }, {
                "name": "Hardware",
                "children": [{
                    "name": "Altered:Nozzle - Same tap. 98% less water.",
                    "category": "Hardware",
                    "value": "4961032"
                }, {
                    "name": "The Superbook: Turn your smartphone into a laptop",
                    "category": "Hardware",
                    "value": "2952508"
                }, {
                    "name": "3Doodler: The World's First 3D Printing Pen",
                    "category": "Hardware",
                    "value": "2344134"
                }, {
                    "name": "CHIP - The World's First Nine Dollar Computer",
                    "category": "Hardware",
                    "value": "2071927"
                }, {
                    "name": "PINE A64, First $15 64-Bit Single Board Super Computer",
                    "category": "Hardware",
                    "value": "1731465"
                }, {
                    "name": "Remix Mini - The World's First True Android PC.",
                    "category": "Hardware",
                    "value": "1647155"
                }, {
                    "name": "Cubetto - Hands on coding for ages 3 and up",
                    "category": "Hardware",
                    "value": "1596457"
                }]
            }, {
                "name": "Games",
                "children": [{
                    "name": "Reaper Miniatures Bones: An Evolution Of Gaming Miniatures",
                    "category": "Games",
                    "value": "3429235"
                }]
            }, {
                "name": "3D Printing",
                "children": [{
                    "name": "The Micro: The First Truly Consumer 3D Printer",
                    "category": "3D Printing",
                    "value": "3401361"
                }, {
                    "name": "Tiko - The Unibody 3D Printer",
                    "category": "3D Printing",
                    "value": "2950874"
                }, {
                    "name": "FLUX Delta - The Everything Printer for Designers",
                    "category": "3D Printing",
                    "value": "1641075"
                }, {
                    "name": "TRINUS - The Affordable All-Metal 3D Printer",
                    "category": "3D Printing",
                    "value": "1621021"
                }]
            }, {
                "name": "Technology",
                "children": [{
                    "name": "ZNAPS - Connection is just a snap away",
                    "category": "Technology",
                    "value": "3007370"
                }, {
                    "name": "FORM 1: An affordable, professional 3D printer",
                    "category": "Technology",
                    "value": "2945885"
                }, {
                    "name": "Purple\\xae Pillow: The World's First No-Pressure Pillow",
                    "category": "Technology",
                    "value": "2640852"
                }, {
                    "name": "Sense: Know More. Sleep Better.",
                    "category": "Technology",
                    "value": "2410741"
                }, {
                    "name": "ZANO - Autonomous. Intelligent. Swarming. Nano Drone.",
                    "category": "Technology",
                    "value": "2335119"
                }, {
                    "name": "OLO - The First Ever Smartphone 3D Printer.",
                    "category": "Technology",
                    "value": "2321811"
                }, {
                    "name": "SpeedX Leopard | the first ever smart aero road bike",
                    "category": "Technology",
                    "value": "2319876"
                }, {
                    "name": "MOVE motorize blinds and shades",
                    "category": "Technology",
                    "value": "1609835"
                }]
            }, {
                "name": "Wearables",
                "children": [{
                    "name": "Ticwatch 2: The Most Interactive Smartwatch",
                    "category": "Wearables",
                    "value": "2085491"
                }, {
                    "name": "Vi. The First True Artificial Intelligence Personal Trainer",
                    "category": "Wearables",
                    "value": "1688179"
                }, {
                    "name": "BLOCKS - The World's First Modular Smartwatch",
                    "category": "Wearables",
                    "value": "1613874"
                }]
            }, {
                "name": "Sculpture",
                "children": [{
                    "name": "Sisyphus The Kinetic Art Table",
                    "category": "Sculpture",
                    "value": "1924018"
                }]
            }, {
                "name": "Apparel",
                "children": [{
                    "name": "ADV3NTURE Hoodie, the Most Funded Fashion Kickstarter EVER!",
                    "category": "Apparel",
                    "value": "1851033"
                }]
            }, {
                "name": "Food",
                "children": [{
                    "name": "Anova Precision Cooker - Cook sous vide with your phone",
                    "category": "Food",
                    "value": "1811321"
                }, {
                    "name": "The Field Skillet: Lighter, Smoother Cast Iron",
                    "category": "Food",
                    "value": "1633361"
                }]
            }, {
                "name": "Art",
                "children": [{
                    "name": "Illustrator's Guidebook",
                    "category": "Art",
                    "value": "1688094"
                }]
            }, {
                "name": "Gadgets",
                "children": [{
                    "name": "Prynt: the first instant camera case for iPhone and Android",
                    "category": "Gadgets",
                    "value": "1576011"
                }]
            }, {
                "name": "Drinks",
                "children": [{
                    "name": "The uKeg Pressurized Growler for Fresh Beer",
                    "category": "Drinks",
                    "value": "1559525"
                }]
            }
      ]
}
